0x00000000;RGB;;Basic Windows bitmap format. 1, 4 and 8 bpp versions are palettised. 16, 24 and 32bpp contain raw RGB samples;http://www.fourcc.org/indexrgb.htm;;;;;
0x01000000;RLE;;Run length encoded 8bpp RGB image;http://www.fourcc.org/indexrgb.htm;;;;;
0x02000010;MPEG Video;;;;;;YUV;4:2:0
0x02000000;RLE;;Run length encoded 4bpp RGB image;http://www.fourcc.org/indexrgb.htm;;;;;
0x03000000;RGB;;Raw RGB with arbitrary sample packing within a pixel. Packing and precision of R, G and B components is determined by bit masks for each;http://www.fourcc.org/indexrgb.htm;;;;;
1978;RGB;A.M.Paredes predictor;;http://www.pegasusimaging.com/cgi-bin/download2.cgi?LVIDB;;;RGB;;
 BIT;RGB;;;;;;RGB;;
 JPG;JPEG;;;;;;YUV
 PNG;PNG;;;;;;RGB;;
 RAW;RGB;;;http://www.fourcc.org/indexrgb.htm;;;RGB;;
 raw;RGB;;;http://www.fourcc.org/indexrgb.htm;;;RGB;;
 RGB;RGB;;;http://www.fourcc.org/indexrgb.htm;;;RGB;;
 RL4;RLE;;;http://www.fourcc.org/indexrgb.htm;;;RGB;;4
 RL8;RLE;;;http://www.fourcc.org/indexrgb.htm;;;RGB;;8
2VUY;YUV;Optibase VideoPump;;;;;YUV;4:2:2;
3IV0;MPEG-4 Visual;3ivX;3ivX pre-1.0;http://www.3ivx.com/download/;;;YUV;4:2:0;
3IV1;MPEG-4 Visual;3ivX;3ivX 1.0-3.5;http://www.3ivx.com/download/;;;YUV;4:2:0;
3IV2;MPEG-4 Visual;3ivX;3ivX 4.0;http://www.3ivx.com/download/;;;YUV;4:2:0
3IVD;MPEG-4 Visual;3ivX;;http://ffdshow-tryout.sourceforge.net/;;;YUV;4:2:0
3IVX;MPEG-4 Visual;3ivX;;http://www.3ivx.com/download/;;;YUV;4:2:0
3VID;MPEG-4 Visual;3ivX;;http://www.3ivx.com/download/;;;YUV;4:2:0
8BPS;RGB;Apple;;http://ffdshow-tryout.sourceforge.net/;;;RGBA;
AAS4;RLE;Autodesk;;http://mirror01.iptelecom.net.ua/~video/codecs/Autodesk.Animator.v1.11.Codec.exe;;;RGB;
AASC;RLE;Autodesk;;http://mirror01.iptelecom.net.ua/~video/codecs/Autodesk.Animator.v1.11.Codec.exe;;;RGB;
ABYR;Kensigton low;Kensington;Low resolution, low frame rate (6fps) for digital cameras;;;;;
ACTL;ACT-L2;Streambox;;http://www.streambox.com/products/act-L2_codec.htm;;;;
ADV1;WaveCodec;Loronix;;http://www.loronix.com/products/video_clips/wavecodec.asp;;;;
ADVJ;JPEG;Avid;;;;;YUV
AEIK;Indeo 3.2;;Vector Quantization;;;;;
AEMI;MPEG Video;VideoONE;MPEG-1-I Capture;http://www.array.com;;;YUV;4:2:0
AFLC;FLC;Autodesk;;http://mirror01.iptelecom.net.ua/~video/codecs/Autodesk.Animator.v1.11.Codec.exe;;;;
AFLI;FLI;Autodesk;;http://mirror01.iptelecom.net.ua/~video/codecs/Autodesk.Animator.v1.11.Codec.exe;;;;
AHDV;CineForm;CineForm HD;;http://www.cineform.com/products/ConnectHD.htm;;;;
AJPG;JPEG;;22fps for digital cameras;;;;YUV
ALPH;Ziracom;;Ziracom Digital Communications Inc.;;;;;
AMM2;AMV2 MT;AMV2 MT Video Codec Version 2;;http://amamaman.hp.infoseek.co.jp/english/amv2_e.html;;;;
AMPG;MPEG-1;VideoONE;;http://www.array.com;;;YUV;4:2:0
AMR ;AMR;;Speech codec;;;;;
AMV3;AMV3;AMV3 Video Codec Version 3;;http://amamaman.hp.infoseek.co.jp/english/amv2_e.html;;;YUV;4:2:0
ANIM;RDX;Intel;;;;;;
AP41;MPEG-4 Visual;AngelPotion;Hack of MS MPEG-4 v3;http://www.divxity.com/download/ap4v1-702.exe;;;YUV;4:2:0
AP42;MPEG-4 Visual;AngelPotion;Hack of MS MPEG-4 v3;http://www.divxity.com/download/ap4v1-702.exe;;;YUV;4:2:0
apch;ProRes;;;http://www.apple.com/quicktime/download/standalone.html;High;;YUV;4:2:2
apcn;ProRes;;;http://www.apple.com/quicktime/download/standalone.html;;;YUV;4:2:2
apcs;ProRes;;;http://www.apple.com/quicktime/download/standalone.html;LT;;YUV;4:2:2
apco;ProRes;;;http://www.apple.com/quicktime/download/standalone.html;Proxy;;YUV;4:2:2
ap4c;ProRes;;;http://www.apple.com/quicktime/download/standalone.html;;;;4:4:4
ap4h;ProRes;;;http://www.apple.com/quicktime/download/standalone.html;;;;4:4:4
ASLC;AlparySoft Lossless;;;http://www.free-codecs.com/download/Alparysoft_Lossless_Video_Codec.htm;;;;
ASV1;Asus 1;;;ftp://ftp.asuscom.de/pub/asuscom/treiber/vga/ASUS_VGA_TOOLS/asv2dec.zip;;;;
ASV2;Asus 2;;;ftp://ftp.asuscom.de/pub/asuscom/treiber/vga/ASUS_VGA_TOOLS/asv2dec.zip;;;;
ASVX;Asus X;;;ftp://ftp.asuscom.de/pub/asuscom/treiber/vga/ASUS_VGA_TOOLS/asv2dec.zip;;;;
ATM4;MPEG-4 Visual;Nero;;http://www.nero.com;;;YUV;4:2:0
AUR2;YUV;;Auravision Aura 2;;;;YUV;4:2:2
AURA;YUV;;Auravision Aura 1;;;;YUV;4:1:1
AUVX;AUVX;;USH GmbH;;;;;
AV1X;Avid 1:1;;;http://mirror01.iptelecom.net.ua/~video/codecs/Avid.VfW.codec.v2.0d2.exe;;;;
AVC1;AVC;;;http://ffdshow-tryout.sourceforge.net/;;;YUV;4:2:0;
avc1;AVC;;;http://ffdshow-tryout.sourceforge.net/;;;YUV;4:2:0;
AVD1;DV;Avid;;http://mirror01.iptelecom.net.ua/~video/codecs/Avid.VfW.codec.v2.0d2.exe;;;YUV;;
AVDJ;JPEG;Avid;;http://mirror01.iptelecom.net.ua/~video/codecs/Avid.VfW.codec.v2.0d2.exe;;;YUV
AVDN;Avid HD;;;http://mirror01.iptelecom.net.ua/~video/codecs/Avid.VfW.codec.v2.0d2.exe;;;;;
AVDV;DV;Avid;;http://mirror01.iptelecom.net.ua/~video/codecs/Avid.VfW.codec.v2.0d2.exe;;;YUV;;
AVI1;JPEG;MainConcept;;;;;YUV
AVI2;JPEG;MainConcept;;;;;YUV
AVID;JPEG;Avid;;http://mirror01.iptelecom.net.ua/~video/codecs/Avid.VfW.codec.v2.0d2.exe;;;YUV
AVIS;AviSynth;;Wrapper for AviSynth (Dummy);http://ffdshow-tryout.sourceforge.net/;;;;;
AVMP;Avid IMX;;;http://mirror01.iptelecom.net.ua/~video/codecs/Avid.VfW.codec.v2.0d2.exe;;;;;
AVR ;JPEG;Avid NuVista;Avid ABVB/NuVista JPEG with Alpha-channel;;;;YUV
AVRn;JPEG;Avid JPEG;;http://mirror01.iptelecom.net.ua/~video/codecs/Avid.VfW.codec.v2.0d2.exe;;;YUV
AVRN;JPEG;Avid JPEG;;http://mirror01.iptelecom.net.ua/~video/codecs/Avid.VfW.codec.v2.0d2.exe;;;YUV;
AVUI;Avid;;Avid Meridien Uncompressed with Alpha-channel;http://mirror01.iptelecom.net.ua/~video/codecs/Avid.VfW.codec.v2.0d2.exe;;;;;
AVUP;Avid;;Avid 10bit Packed (Quick Time);http://mirror01.iptelecom.net.ua/~video/codecs/Avid.VfW.codec.v2.0d2.exe;;;;;
AYUV;YUV;YUV;;;;;YUVA;4:4:4;8
AZPR;QuickTime;;;http://www.apple.com/quicktime/download/standalone.html;;;;
AZRP;QuickTime;;;http://www.apple.com/quicktime/download/standalone.html;;;;
BGR ;RGB;RGB;;;;;RGB;
BHIV;BeHere iVideo;;;;;;;
BINK;Bink;;;;;;;
BIT ;RGB;RGB;;;;;RGB;
BITM;H.261;Microsoft;;;;;YUV;
BLOX;MPEG Video;Blox;;http://www.ii.uj.edu.pl/~jezabek/blox/blox-0.1.0b.zip;;;YUV;4:2:0
BLZ0;MPEG-4 Visual;DivX;DivX for Blizzard Decoder Filter;http://ffdshow-tryout.sourceforge.net/;;;YUV;4:2:0
BT20;MediaStream;;Conexant ProSummer MediaStream;;;;;
BTCV;Composite;;Conexant Composite Video;;;;;
BTVC;Composite;;Conexant Composite Video;;;;;
BW00;Wavelet;BergWave;;;;;;
BW10;MPEG-1;Broadway;Data Translation Broadway MPEG Capture/Compression;;;;YUV;
BXBG;RGB;Boxx;;;;;RGB;
BXRG;RGB;Boxx;;;;;RGB;
BXY2;YUV;Boxx;10-bit;;;;YUV;
BXYV;YUV;Boxx;;;;;YUV;
CC12;YUV;Intel;;;;;YUV;
CDV5;DV;Canopus;Canopus SD50/DVHD;http://www.cineform.com/products/ConnectHD.htm;;;YUV;
CDVC;DV;Canopus;Canopus DV (DV);http://www.cineform.com/products/ConnectHD.htm;;;YUV;
CDVH;DV;Canopus;Canopus SD50/DVHD;http://www.cineform.com/products/ConnectHD.htm;;;YUV;
CFCC;JPEG;DPS Perception;Dummy format - only AVI header;;;;YUV
CFHD;CineForm;;CineForm 10-bit Visually Perfect HD (Wavelet);;;;;
CGDI;Camcorder;;Camcorder Video (MS Office 97);;;;;
CHAM;Champagne;;Winnov Caviara Champagne;;;;;
CHQX;Canopus HQX;;;;;;;
CJPG;JPEG;Creative;Creative Video Blaster Webcam Go JPEG;;;;YUV
CLJR;YUV;Cirrus Logic;Less than 8 bits per Y, U and V sample.;http://www.fourcc.org/indexyuv.htm;;;YUV;4:1:1
CLLC;Canopus Lossless;;;;;;;
CLPL;YUV;;Format similar to YV12 but including a level of indirection.;;;;YUV;
CM10;MediaShow;;CyberLink Corporation;http://www.cyberlink.com;;;;
CMYK;CMYK;;Common Data Format in Printing;;;;;
COL0;MPEG-4 Visual;;Hacked MS MPEG-4 v3;http://ffdshow-tryout.sourceforge.net/;;;YUV;4:2:0
COL1;MPEG-4 Visual;;Hacked MS MPEG-4 v3;http://ffdshow-tryout.sourceforge.net/;;;YUV;4:2:0
CPLA;YUV;Weitek;;;;;YUV;4:2:0
CRAM;MS Video;;Microsoft Video 1;;;;;
CSCD;CamStudio;;RenderSoft CamStudio lossless (LZO & GZIP compression);;;;;
CT10;TalkingShow;;CyberLink Corporation;http://www.cyberlink.com;;;;
CTRX;Citrix;;Citrix Scalable Video;;;;;
CUVC;Canopus HQ;;;;;;;
CVID;Cinepack;;;http://www.cinepak.com/text.html;;;;
cvid;Cinepack;;;http://www.cinepak.com/text.html;;;;
CWLT;WLT;;Microsoft Color WLT DIB;;;;;
CYUV;YUV;Creative Labs;;http://www.fourcc.org/indexyuv.htm;;;YUV;4:2:2
cyuv;YUV;;;http://www.fourcc.org/indexyuv.htm;;;YUV;4:2:2
CYUY;YUV;ATI;;http://www.fourcc.org/indexyuv.htm;;;YUV;4:2:2
D261;H.261;DEC;;;;;;
D263;H.263;DEC;;;;;;
DAVC;AVC;Dicas;;;;;YUV;4:2:0
DC25;DV;MainConcept;;;;;YUV;
DCAP;DV;Pinnacle;;;;;YUV;
DCL1;Data Connextion;;Conferencing;;;;;
DCT0;WniWni;;;;;;;
DFSC;VFW;;DebugMode FrameServer VFW;;;;;
DIB ;RGB;;;;;;RGB;
DIV1;MPEG-4 Visual;FFMpeg;Hacked MS MPEG-4 V1;http://ffdshow-tryout.sourceforge.net/;;;YUV;4:2:0
DIV2;MPEG-4 Visual;MS MPEG-4 1/2;;http://ffdshow-tryout.sourceforge.net/;;;YUV;4:2:0
DIV3;MPEG-4 Visual;DivX 3 Low;;http://www.divx.com;;;YUV;4:2:0
DIV4;MPEG-4 Visual;DivX 3 Fast;;http://www.divx.com;;;YUV;4:2:0
DIV5;MPEG-4 Visual;DivX 5;;http://www.divx.com;;;YUV;4:2:0
DIV6;MPEG-4 Visual;MS MPEG-4 v3;;http://ffdshow-tryout.sourceforge.net/;;;YUV;4:2:0
DIVX;MPEG-4 Visual;DivX 4;Project Mayo;http://mediaarea.net/DIVX;;;YUV;4:2:0
divx;MPEG-4 Visual;DivX;Mainly used by Google;http://www.divx.com;;;YUV;4:2:0
DJPG;JPEG;Broadway 101;Data Translation, Inc.;;;;YUV
DM4V;MPEG-4 Visual;Dicas;;;;;YUV;4:2:0
DMB1;JPEG;Rainbow;Matrox Rainbow Runner hardware compression;http://mirror01.iptelecom.net.ua/~video/codecs/PICVideo.MJPG.v2.10.27.codec.exe;;;YUV
DMB2;JPEG;Paradigm;;;;;YUV
DMK2;V36 PDA;;ViewSonic V36 PDA Video;;;;;
DP02;MPEG-4 Visual;DynaPel;;;;;YUV;4:2:0
DP16;YUV;Matsushita;With DPCM 6-bit compression;;;;YUV;4:1:1
DP18;YUV;Matsushita;With DPCM 8-bit compression;;;;YUV;4:1:1
DP26;YUV;Matsushita;With DPCM 6-bit compression;;;;YUV;4:2:2
DP28;YUV;Matsushita;With DPCM 8-bit compression;;;;YUV;4:2:2
DP96;YUV;Matsushita;With DPCM 6-bit compression;;;;YUV;
DP98;YUV;Matsushita;With DPCM 8-bit compression;;;;YUV;
DP9L;YUV;Matsushita;With DPCM 6-bit compression;;;;YUV;
DPS0;JPEG;DPS Reality;Dummy format - only AVI header;;;;YUV
DPSC;JPEG;DPS PAR;Dummy format - only AVI header;;;;YUV
DRWX;DV;Pinnacle;;;;;YUV;
DSVD;DV;Microsoft;;;;;YUV;
DTMT;Media-100;;;;;;
DTNT;Media-100;;;;;;
DUCK;TrueMotion S;Duck Corporation;;;;;
DV10;RGB;BlueFish;BlueFish444 (lossless RGBA, YUV 10-bit);;;;RGB
DV25;DV;DVCPro;;;;;YUV
dv25;DV;DVCPro;;;;;YUV
DV50;DV;DVCPro5;;;;;YUV
dv50;DV;DVCPro5;;;;;YUV
DVAN;DV;Pinnacle DV300;;;;;YUV
DVC ;DV;Apple;;http://www.apple.com/quicktime/download/standalone.html;;;YUV
DVCP;DV;Apple;;http://www.apple.com/quicktime/download/standalone.html;;;YUV
DVCS;DV;MainConcept;;;;;YUV
DVE2;DV;Insoft DVE-2;InSoft DVE-2 Videoconferencing;;;;YUV
DVH1;DV;Pinnacle;;;;;YUV
dvhd;DV;HD;;;;;YUV
DVIS;DV;DualMoon;;;;;YUV
DVL ;DV;Radius;;;;;YUV
DVLP;DV;Radius;;;;;YUV
DVMA;DV;Darim;;;;;YUV;
DVNM;DVNM;;Matsushita Electric Industrial Co., Ltd.;;;;;
DVOR;RGB;BlueFish;BlueFish444 (lossless RGBA, YUV 10-bit);;;;RGB;
DVPN;DV;Apple;;;;;YUV;
DVPP;DV;Apple;;;;;YUV;
DVR ;MPEG Video;ASF;;;;;YUV;4:2:0
DVR1;Targa2000;;;;;;;
DVRS;DV;DualMoon;;;;;YUV;
dvsd;DV;Sony;;;;;YUV;
dvsl;DV;Sony;;;;;YUV;
DVSL;DV;;;;;;YUV;
DVX1;DVX 1 SP;;Lucent DVX1000SP Video Decoder;;;;;
DVX2;DVX 2 S;;Lucent DVX2000S Video Decoder;;;;;
DVX3;DVX 3 S;;Lucent DVX3000S Video Decoder;;;;;
DX50;MPEG-4 Visual;DivX 5;;http://mediaarea.net/DX50;;;YUV;4:2:0
DXGM;EA GameVideo;;;;;;;
DXT1;DirectX TC;;DirectX Compressed Texture (1bit alpha channel)
DXT2;DirectX TC;;DirectX Compressed Texture
DXT3;DirectX TC;;DirectX Compressed Texture (4bit alpha channel)
DXT4;DirectX TC;;DirectX Compressed Texture
DXT5;DirectX TC;;DirectX Compressed Texture (3bit alpha channel with interpolation)
DXTC;DirectX TC;;DirectX Texture Compression
DXTn;DirectX TC;;Microsoft Compressed Texture
DXTN;DirectX TC;;Microsoft DirectX Compressed Texture (DXTn)
EKQ0;Elsa KQ;;Elsa graphics card quick
ELK0;Elsa LK;;Elsa graphics card
EM2V;Elymonyx MPEG-2;;Etymonix MPEG-2 I-frame
EQK0;Elsa;;Elsa graphics card quick
ESCP;Escape;;Eidos Escape
ETV1;eTreppid 1;;eTreppid Video 1
ETV2;eTreppid 2;;eTreppid Video 2
ETVC;eTreppid C;;eTreppid Video C
FFDS;FFDS;;;http://ffdshow-tryout.sourceforge.net/;;;;
FFV1;FFV1;;;http://ffdshow-tryout.sourceforge.net/;;;;
FFV2;FFV2;;;http://ffdshow-tryout.sourceforge.net/;;;;
FFVH;HuffYUV;;;http://ffdshow-tryout.sourceforge.net/;;;;
FLIC;FLI/FLC;Autodesk;;;;;;
FLJP;DField JPEG;;D-Vision Field Encoded JPEG with LSI (or Targa emulation);;;;;
FLV1;Sorenson Spark;;;http://ffdshow-tryout.sourceforge.net/;;;;
FLV4;VP6;On2;;http://ftp.pub.cri74.org/pub/win9x/video/codecs/VP6/vp6_vfw_codec.exe;Heightened Sharpness;;;
FMJP;JPEG;D-Vision;;;;;YUV
FMP4;MPEG-4 Visual;;;http://ffdshow-tryout.sourceforge.net/;;;YUV;4:2:0
FPS1;Fraps;;;http://www.fraps.com/;;;;
FRLE;JPEG;SoftLab-Nsk;SoftLab-NSK Y16 + Alpha RLE;;;;YUV
FRWA;JPEG;SoftLab-Nsk;SoftLab-NSK Vision Forward JPEG with Alpha-channel;;;;YUV
FRWD;JPEG;SoftLab-Nsk;SoftLab-NSK Vision Forward JPEG;;;;YUV
FRWT;JPEG;SoftLab-Nsk;SoftLab-NSK Vision Forward JPEG with Alpha-channel;;;;YUV
FRWU;JPEG;SoftLab-Nsk;SoftLab-NSK Vision Forward Uncompressed;;;;YUV
FVF1;Itered Fractal;;;;;;;
FVFW;FVFW;;;http://ffdshow-tryout.sourceforge.net/;;;;
FXT1;3DFX;;;;;;;
G2M2;GoToMeeting2;;Citrix Systems, Inc.;http://www.gotomeeting.com/;;;;
G2M3;GoToMeeting3;;Citrix Systems, Inc.;http://www.gotomeeting.com/;;;;
GEPJ;JPEG;White Pine;;;;;YUV
GJPG;Grand Tech GT891x;;;;;;;
GLCC;GigaLink;;;;;;;
GLZW;LZW;Gabest;;http://sourceforge.net/project/showfiles.php?group_id=82303&package_id=84358;;;;
GMP4;GeoVision Advanced MPEG-4;;;http://www.geovision.com.tw/;;;;
GM40;GeoVision Advanced MPEG-4;;;http://www.geovision.com.tw/;;;;
GPEG;JPEG;Gabest;;http://sourceforge.net/project/showfiles.php?group_id=82303&package_id=84358;;;YUV
GPJM;JPEG;Pinnacle;;;;;YUV
GREY;YUV;;Simple grayscale video;http://www.fourcc.org/indexyuv.htm;;;YUV;
GWLT;MS GWLT;;Microsoft Greyscale WLT DIB;;;;;
GXVE;ViVD V2;SoftMedia;;;;;;
H260;H.260;;;;;;;
H261;H.261;;;;;;;
H262;MPEG Video;;;;;;YUV;4:2:0
H263;H.263;;;;;;;
h263;H.263;;;http://www.apple.com/quicktime/download/standalone.html;;;;
H264;AVC;;;;;;YUV;4:2:0
h264;AVC;;;;;;YUV;4:2:0
H265;H.265;;;;;;;
H266;H.266;;;;;;;
H267;H.267;;;;;;;
H268;H.268;;;;;;;
H269;H.263;;;;;;;
HD10;RGB;BlueFish;BlueFish444 (lossless RGBA, YUV 10-bit);;;;RGB;
HDX4;Jomigo HDX4;;;;;;;
HFYU;HuffYUV;;;;;;;
HMCR;Rendition;;Rendition Motion Compensation Format;;;;;
HMRR;Rendition;;Rendition Motion Compensation Format;;;;;
i263;H.263;;;;;;;
I420;YUV;;8 bit Y plane followed by 8 bit 2x2 subsampled U and V planes.;;;;;
IAN ;Indeo 4;;;;;;;
ICLB;CellB;;InSoft CellB Videoconferencing;;;;;
IDM0;Wavelets 2;;IDM Motion Wavelets 2.0;;;;;
IF09;H.261;Microsoft;;;;;;
IFO9;YUV;Intel;;;;;YUV;
IGOR;PowerDVD;;;;;;;
IJPG;JPEG;Intergraph;;;;;YUV
ILVC;Layered Video;Intel;;;;;;
ILVR;H.263+;;;;;;;
IMAC;MotionComp;;Intel hardware motion compensation.;;;;;
IMC1;YUV;;As YV12, except the U and V planes each have the same stride as the Y plane;;;;YUV;
IMC2;YUV;;Similar to IMC1, except that the U and V lines are interleaved at half stride boundaries;;;;YUV;
IMC3;YUV;;As IMC1, except that U and V are swapped;;;;YUV;
IMC4;YUV;;As IMC2, except that U and V are swapped;;;;YUV;
IMG ;YUV;;;;;;YUV;
IMJG;Accom JPEG;;Accom SphereOUS JPEG with Alpha-channel;;;;;
IPDV;I-O DV;;I-O Data Device Giga AVI DV;;;;
IPJ2;JPEG 2000;;Image Power JPEG 2000;;;;
IR21;Indeo 2.1;;;;;;
IRAW;YUV;;;http://www.fourcc.org/indexyuv.htm;;;YUV
ISME;ISME;;Intel;;;;
IUYV;YUV;;Lead 16bpp. Interlaced version of UYVY (line order 0, 2, 4,....,1, 3, 5....);;;;YUV
IV30;Indeo 3;;Intel Indeo Video 3;;;;
IV31;Indeo 3;;Intel Indeo Video 3.1;;;;
IV32;Indeo 3;;Intel Indeo Video 3.2;;;;
IV33;Indeo 3;;Intel Indeo Video 3.3;;;;
IV34;Indeo 3;;Intel Indeo Video 3.4;;;;
IV35;Indeo 3;;Intel Indeo Video 3.5;;;;
IV36;Indeo 3;;Intel Indeo Video 3.6;;;;
IV37;Indeo 3;;Intel Indeo Video 3.7;;;;
IV38;Indeo 3;;Intel Indeo Video 3.8;;;;
IV39;Indeo 3;;Intel Indeo Video 3.9;;;;
IV40;Indeo 4;;Intel Indeo Video 4.0;;;;
IV41;Indeo 4;;Intel Indeo Video 4.1;;;;
IV42;Indeo 4;;Intel Indeo Video 4.2;;;;
IV43;Indeo 4;;Intel Indeo Video 4.3;;;;
IV44;Indeo 4;;Intel Indeo Video 4.4;;;;
IV45;Indeo 4;;Intel Indeo Video 4.5;;;;
IV46;Indeo 4;;Intel Indeo Video 4.6;;;;
IV47;Indeo 4;;Intel Indeo Video 4.7;;;;
IV48;Indeo 4;;Intel Indeo Video 4.8;;;;
IV49;Indeo 4;;Intel Indeo Video 4.9;;;;
IV50;Indeo 4;;Intel Indeo Video 5.0 Wavelet;http://www.fourcc.org/indexyuv.htm;;;
IY41;YUV;;Lead 16bpp. Interlaced version of Y41P (line order 0, 2, 4,....,1, 3, 5....);http://www.fourcc.org/indexyuv.htm;;;YUV
IYU1;YUV;;IEEE1394 12bpp. 12 bit format used in mode 2 of the IEEE 1394 Digital Camera 1.04 spec;http://www.fourcc.org/indexyuv.htm;;;YUV
IYU2;YUV;;IEEE1394 24bpp. 24 bit format used in mode 2 of the IEEE 1394 Digital Camera 1.04 spec;;;;YUV
IYUV;YUV;;Intel Indeo iYUV 4:2:0;;;;YUV
JBYR;Kensington;;Kensington Video;http://ffdshow-tryout.sourceforge.net/;;;
JFIF;JPEG;;;;;;YUV
JPEG;JPEG;;;http://www.apple.com/quicktime/download/standalone.html;;;YUV
JPG;JPEG;;;http://mirror01.iptelecom.net.ua/~video/codecs/PICVideo.Lossless.JPEG.codec.v2.10.27.exe;;;YUV
JPGL;JPEG;Pegasus;DIVIO JPEG Light for WebCams (Pegasus Lossless JPEG);;;;YUV
KMVC;Karl;;Karl Morton's Video (presumably);http://www.apple.com/quicktime/download/standalone.html;;;;
kpcd;Photo CD;;Kodak Photo CD;;;;;
L261;H.261;Lead Technologies;;;;;;
L263;H.263+;Lead Technologies;;;;;;
LAGS;Lagarith;;;;;;;
LBYR;Creative WebCam;;;;;;;
LCMW;Lead CMW;;Lead Technologies Motion CMW;;;;;
LCW2;Lead MCMW;;LEADTools MCMW 9Motion Wavelet;http://mirror01.iptelecom.net.ua/~video/codecs/LEAD.MCMP-JPEG.v1.016.codec.exe;;;;
LEAD;Lead Video;;;;;;;
LGRY;Lead GrayScale;;;;;;;
LIA1;Liafail;;Liafail, Inc.;;;;;
LJ2K;JPEG 2000;Lead;;http://mirror01.iptelecom.net.ua/~video/codecs/LEAD.MCMP-JPEG.v1.016.codec.exe;;;;
LJPG;JPEG;Lead;;http://mirror01.iptelecom.net.ua/~video/codecs/LEAD.MCMP-JPEG.v1.016.codec.exe;;;YUV
Ljpg;JPEG;Lead;;;;;YUV
LMP2;MPEG-PS;Lead;;;;;;
LOCO;LOCO;;Lossless;;;;;
LSCR;Lead Screen capture;;;;;;;
LSV0;LSV0;;Infinop Inc.;;;;;
LSVC;Vmail;;Vianet Lighting Strike Vmail (Streaming);;;;;
LSVM;Vmail;;Vianet Lighting Strike Vmail (Streaming);;;;;
LSVW;Infinop;;Infinop Lightning Strike multiple bit rate video codec.;;;;;
LSVX;Vmail;;Vianet Lightning Strike Video Codec;;;;;
LZO1;LZO;;LZO compressed (lossless);;;;;
M101;YUV;Matrox;;;;;YUV;
M261;H.261;Microsoft;;;;;;
M263;H.263;Microsoft;;;;;;
M4CC;MPEG-4 Visual;ESS Divo;;;;;YUV;4:2:0
M4S2;MPEG-4 Visual;Microsoft;;;;;YUV;4:2:0
MC12;ATI Motion;;ATI Motion Compensation Format;;;;;
MC24;JPEG;MainConcept;;;;;YUV
MCAM;ATI Motion;;ATI Motion Compensation Format;;;;;
MCZM;RGB;;Theory MicroCosm Lossless 64bit RGB with Alpha-channel;;;;RGB;
MDVD;MicroDVD;;Alex MicroDVD Video (hacked MS MPEG-4);;;;;
MDVF;DV;Pinnacle;Pinnacle DV/DV50/DVHD100;;;;YUV;
MHFY;YUV;;A.M.Paredes mhuffyYUV (LossLess);http://mirror01.iptelecom.net.ua/~video/codecs/Pinnacle.ReelTime.v2.5.software.only.codec.exe;;;YUV;
MJ2C;JPEG 2000;;Morgan Multimedia JPEG 2000 Compression;http://mirror01.iptelecom.net.ua/~video/codecs/Pinnacle.ReelTime.v2.5.software.only.codec.exe;;;;
MJPA;JPEG;Pinacle;Pinnacle ReelTime MJPG hardware;http://mediaxw.sourceforge.net;;;YUV
MJPB;JPEG;Pinacle B;;;;;YUV
MJPG;JPEG;;;;;;YUV
mJPG;JPEG;IBM;Including Huffman Tables;;;;YUV
MJPX;JPEG;Pegasus;Pegasus PICVideo JPEG;;;;YUV
ML20;Webcam;;Mimic MSN Messenger Webcam;;;;;
MLCY;MLC;;MLC Lossless Codec;http://www.linek.sk/mlc/;;;;;;Lossless
MMES;MPEG Video;Matrox;I-frame;;;;YUV;4:2:0
MMIF;MPEG Video;Matrox;I-frame;;;;YUV;4:2:0
MNVD;MindVid;;MindBend MindVid LossLess;;;;;
MP2V;MPEG Video;;Media Excel MPEG-2 Video;http://ffdshow-tryout.sourceforge.net/;;;YUV;4:2:0
MP2v;MPEG Video;;MPEG-2 Video;http://ffdshow-tryout.sourceforge.net/;;;YUV;4:2:0
MP41;MPEG-4 Visual;Microsoft;Microsoft MPEG-4 v1 (pre-standard);http://ffdshow-tryout.sourceforge.net/;;;;
MP42;MPEG-4 Visual;Microsoft;Microsoft MPEG-4 v2 (pre-standard);http://www.apple.com/quicktime/download/standalone.html;;;;
MP43;MPEG-4 Visual;Microsoft;Microsoft MPEG-4 v3 (pre-standard);;;;;
MP4S;MPEG-4 Visual;MS MPEG-4 v3;Microsoft MPEG-4 (Windows Media 7.0);;;;YUV;4:2:0
MP4V;MPEG-4 Visual;;Apple QuickTime MPEG-4 native;http://ffdshow-tryout.sourceforge.net/;;;YUV;4:2:0
MPEG;MPEG Video;;Chromatic MPEG 1 Video I Frame;http://ffdshow-tryout.sourceforge.net/;;;YUV;4:2:0
mpeg;MPEG Video;;MPEG-1 Video;http://ffdshow-tryout.sourceforge.net/;;;YUV;4:2:0
MPG1;MPEG Video;Ffmpeg;(MPEG-1/2) FFmpeg;http://ffdshow-tryout.sourceforge.net/;;;YUV;4:2:0
mpg1;MPEG Video;Ffmpeg;(MPEG-1/2) FFmpeg;http://ffdshow-tryout.sourceforge.net/;;;YUV;4:2:0
MPG2;MPEG Video;Ffmpeg;(MPEG-1/2) FFmpeg;http://ffdshow-tryout.sourceforge.net/;;;YUV;4:2:0
mpg2;MPEG Video;Ffmpeg;(MPEG-1/2) FFmpeg;http://ffdshow-tryout.sourceforge.net/;;;YUV;4:2:0
MPG3;MPEG-4 Visual;FFmpeg DivX 3;(MPEG-4) MS MPEG-4 v3;;;;YUV;4:2:0
MPG4;MPEG-4 Visual;MS MPEG-4 v1;Microsoft MPEG-4 v1;;;;YUV;4:2:0
MPGI;MPEG Video;Sigma;Sigma Design MPEG-1 I-frame;;;;YUV;4:2:0
MPNG;PNG;;Motion PNG;;;;;
MRCA;Mrcodec;;FAST Multimedia;;;;;
MRLE;RLE;;Microsoft RLE;;;;RGB;
MSS1;Screen Video;Windows;Windows Screen Video;;;;;
MSS2;Windows Media;;Windows Media 9;;;;;
MSUC;MSU;;MSU LossLess;;;;;
MSUD;MSU;;MSU LossLess;;;;;
MSV1;Microsoft Video 1;;Microsoft Video 1;;;;;
MSVC;Microsoft Video 1;;Microsoft Video 1;;;;;
MSZH;AVImszh;;Lossless (ZIP compression);;;;;
MTGA;TGA;;Motion TGA images (24, 32 bpp);;;;;
MTX1;JPEG;Matrox;;;;;YUV
MTX2;JPEG;Matrox;;;;;YUV
MTX3;JPEG;Matrox;;;;;YUV
MTX4;JPEG;Matrox;;;;;YUV
MTX5;JPEG;Matrox;;;;;YUV
MTX6;JPEG;Matrox;;;;;YUV
MTX7;JPEG;Matrox;;;;;YUV
MTX8;JPEG;Matrox;;;;;YUV;
MTX9;JPEG;Matrox;;;;;YUV
MV10;Nokia;;Nokia Mobile Phones;;;;;
MV11;Nokia;;Nokia Mobile Phones;;;;;
MV12;MVI;;Motion Pixels (old);;;;;
MV99;Nokia;;Nokia Mobile Phones;;;;;
MVC1;Nokia;;Nokia Mobile Phones;;;;;
MVC2;Nokia;;Nokia Mobile Phones;;;;;
MVC9;Nokia;;Nokia Mobile Phones;;;;;
MVI1;MVI;;Motion Pixels MVI;;;;;
MVI2;MVI;;Motion Pixels MVI;;;;;
MWV1;Aware Motion Wavelets;;Aware Motion Wavelets;;;;;
MYUV;RGB;;Media-100 844/X Uncompressed;;;;RGB;
NAVI;MPEG-4 Visual;;nAVI video (hacked MS MPEG-4);;;;YUV;4:2:0
NDIG;MPEG-4 Visual;Ahead;Ahead Nero Digital MPEG-4;;;;YUV;4:2:0
NHVU;Nvidia Texture;;Nvidia Texture Format (GEForce 3);;;;;
NO16;RGB;;Theory None16 64bit uncompressed Uncompressed;;;;RGB;
NT00;YUV;LightWave;NewTek LightWave HDTV YUV with Alpha-channel;;;;YUV;
NTN1;NogaTech Video 1;;Nogatech Video Compression 1;;;;;
NTN2;NogaTech Video 2;;Nogatech Video Compression 2 (GrabBee hardware coder);;;;;
NUV1;Nuppel;;NuppelVideo;;;;;
NV12;YUV;;8-bit Y plane followed by an interleaved U/V plane with 2x2 subsampling;;;;YUV;
NV21;YUV;;As NV12 with U and V reversed in the interleaved plane;;;;YUV;
NVDS;Nvidia Texture;;Nvidia Texture Format;;;;;
NVHS;Nvidia Texture;;Nvidia Texture Format (GeForce 3);;;;;
NVHU;Nvidia Texture;;Nvidia Texture Format;;;;;
NVS0;Nvidia Texture;;Nvidia Texture Compression Format;;;;;
NVS1;Nvidia Texture;;Nvidia Texture Compression Format;;;;;
NVS2;Nvidia Texture;;Nvidia Texture Compression Format;;;;;
NVS3;Nvidia Texture;;Nvidia Texture Compression Format
NVS4;Nvidia Texture;;Nvidia Texture Compression Format
NVS5;Nvidia Texture;;Nvidia Texture Compression Format
NVS6;Nvidia Texture;;Nvidia Texture Compression Format
NVS7;Nvidia Texture;;Nvidia Texture Compression Format
NVS8;Nvidia Texture;;Nvidia Texture Compression Format
NVS9;Nvidia Texture;;Nvidia Texture Compression Format
NVT0;Nvidia Texture;;Nvidia Texture Compression Format
NVT1;Nvidia Texture;;Nvidia Texture Compression Format
NVT2;Nvidia Texture;;Nvidia Texture Compression Format
NVT3;Nvidia Texture;;Nvidia Texture Compression Format
NVT4;Nvidia Texture;;Nvidia Texture Compression Format
NVT5;Nvidia Texture;;Nvidia Texture Compression Format
NVT6;Nvidia Texture;;Nvidia Texture Compression Format
NVT7;Nvidia Texture;;Nvidia Texture Compression Format
NVT8;Nvidia Texture;;Nvidia Texture Compression Format
NVT9;Nvidia Texture;;Nvidia Texture Compression Format;;;;;
NY12;YUV;Nogatech;;;;;YUV;
NYUV;YUV;Nogatech;;;;;YUV;
ONYX;VP7;On2;;http://www.on2.com/vp7.php3;;;;
PCLE;Studio400;Pinnacle;;;;;;
PDVC;DV;Panasonic;;;;;YUV;
PGVV;Radius Video Vision;;;;;;;
PHMO;Photomotion;IBM;;;;;;
PIM1;JPEG;Pegasus;Pinnacle DC1000 hardware (MPEG compression);http://mirror01.iptelecom.net.ua/~video/codecs/PICVideo.Lossless.JPEG.codec.v2.10.27.exe;;;YUV
PIM2;JPEG;Pegasus;Pegasus Imaging;http://mirror01.iptelecom.net.ua/~video/codecs/PICVideo.Lossless.JPEG.codec.v2.10.27.exe;;;YUV
PIMJ;JPEG;Pegasus;Pegasus Imaging PICvideo Lossless JPEG;http://mirror01.iptelecom.net.ua/~video/codecs/PICVideo.Lossless.JPEG.codec.v2.10.27.exe;;;YUV
PIXL;JPEG;Miro;MiroVideo XL (JPEG);;;;YUV
PNG;PNG;;;;;;;
PNG1;PNG;;Corecodec.org CorePNG;;;;;
PVEZ;PowerEZ;;Horizons Technology PowerEZ;;;;;
PVMM;MPEG-4 Visual;Pegasus;PacketVideo Corporation MPEG-4;;;;YUV;4:2:0
PVW2;Wavelet;Pegasus;Pegasus Imaging Wavelet 2000;;;;;
PVWV;Wavelet;Pegasus;Pegasus Imaging Wavelet 2000;;;;;
PXLT;Pixlet;;Apple Pixlet (Wavelet);;;;;
Q1.0;QPEG 1.0;;Q-Team QPEG 1.0;http://www.q-team.de;;;;
Q1.1;QPEG 1.1;;Q-Team QPEG 1.1;http://www.q-team.de;;;;
QDGX;Apple GX;;Apple QuickDUncompressed GX;;;;;
QDRW;Palettized Video;;Apple;;;;;
QPEG;QPEG 1.1;;Q-Team QPEG 1.1;;;;;
QPEQ;QPEG 1.1;;Q-Team QPEG 1.1;;;;;
R210;YUV;;BlackMagic YUV (Quick Time);;;;YUV;
R411;DV;Radius;Radius DV NTSC YUV;;;;YUV;
R420;DV;Radius;Radius DV PAL YUV;;;;YUV;
RAV_;MPEG-1;GroupTron;GroupTRON ReferenceAVI (dummy for MPEG compressor);;;;YUV;4:2:0
RAVI;MPEG-1;GroupTron;GroupTRON ReferenceAVI (dummy for MPEG compressor);;;;YUV;4:2:0
RAW ;RGB;;Full Frames (Uncompressed);;;;RGB;
raw ;RGB;;Full Frames (Uncompressed);http://www.apple.com/quicktime/download/standalone.html;;;RGB;
RGB ;RGB;;;;;;RGB;8:8:8
RGB1;RGB;;;;;;RGB 3:3:2;3:3:2
RGB2;RGB;;;;;;RGB 3:3:2;3:3:2
RGBA;RGB;;;http://www.fourcc.org/indexrgb.htm;;;RGB;
RGBO;RGB;;Little Endian;;;;RGB 5:5:5;5:5:5
RGBP;RGB;;Little Endian;;;;RGB 5:6:5;5:6:5
RGBQ;RGB;;Big Endian;;;;RGB 5:5:5;5:5:5
RGBR;RGB;;Big Endian;;;;RGB 5:6:5;5:6:5
RGBT;RGBA;;;http://www.fourcc.org/indexrgb.htm;;;RGBA;
RIVA;Swizzled texture;;Nvidia;;;;;
RL4;RLE;;RLE 4bpp RGB;;;;RGB;
RL8;RLE;;RLE 8bpp RGB;;;;RGB;
RLE ;RLE;;RLE RGB with arbitrary sample packing within a pixel;http://www.fourcc.org/indexrgb.htm;;;RGB;
RLE4;RLE;;RLE 4bpp RGB;http://www.fourcc.org/indexrgb.htm;;;RGB;
RLE8;RLE;;RLE 8bpp RGB;http://www.fourcc.org/indexrgb.htm;;;RGB;
RLND;Roland;;Roland Corporation;;;;;
RMP4;MPEG-4 Visual;RealMagic;REALmagic MPEG-4 Video (Sigma Design, built on XviD);;;;YUV;4:2:0
ROQV;Id RoQ;;Id RoQ File Video Decoder;;;;;
RT21;Intel Video 2.1;;Intel Real Time Video 2.1;;;;;
RTV0;NewTek VideoToaster;;NewTek VideoToaster (dummy format - only AVI header);;;;;
RUD0;Rududu;;Rududu video;;;;;
RV10;RealVideo 1;;H263, RealVideo 5;http://www.real.com;;;;
RV13;RealVideo 1;;H263, RealVideo 5;http://www.real.com;;;;
RV20;RealVideo 2;;H263, RealVideo 6;http://www.real.com;;;;
RV30;RealVideo 3;;Between H263 and H264, RealVideo 8;http://www.real.com;;;;
RV40;RealVideo 4;;H264, RealVideo 9;http://www.real.com;;;;
RVX ;RDX;;Intel RDX;;;;;
S263;H.263;;;http://ffdshow-tryout.sourceforge.net/;;;;
S422;YUV;VideoCap C210;VideoCap C210;;;;YUV;
SAN3;MPEG-4 Visual;;Direct copy of DivX 3.11;;;;YUV;4:2:0
SANM;Smush v2;;LucasArts;http://www.lucasarts.com/;;;;
SCCD;SoftCam;;;;;;;
SDCC;DV;Sun;Sun Digital Camera;;;;YUV;4:1:1
SEDG;MPEG-4 Visual;Samsung;Samsung MPEG-4;;;;YUV;4:2:0
SEG4;Cinepak;;;http://www.sega.com/;;;;
SEGA;Cinepak;;;http://www.sega.com/;;;;
SFMC;CrystalNet;;CrystalNet Surface Fitting Method;;;;;
SHR0;BitJazz SheerVideo;;BitJazz SheerVideo (realtime lossless);;;;;
SHR1;BitJazz SheerVideo;;BitJazz SheerVideo (realtime lossless);;;;;
SHR2;BitJazz SheerVideo;;BitJazz SheerVideo (realtime lossless);;;;;
SHR3;BitJazz SheerVideo;;BitJazz SheerVideo (realtime lossless);;;;;
SHR4;BitJazz SheerVideo;;BitJazz SheerVideo (realtime lossless);;;;;
SHR5;BitJazz SheerVideo;;BitJazz SheerVideo (realtime lossless);;;;;
SHR6;BitJazz SheerVideo;;BitJazz SheerVideo (realtime lossless);;;;;
SHR7;BitJazz SheerVideo;;BitJazz SheerVideo (realtime lossless);;;;;
SIF1;SIF1;;;http://mysif.ru/SIF1_dd_Eng.htm;;;;
SJPG;JPEG;CuSeeMe;CuSeeMe;http://mirror01.iptelecom.net.ua/~video/codecs/CUseeMe.JPEG.CODEC.v1.17.exe;;;YUV
SL25;DV;SoftLab DVCPro;SoftLab-NSK DVCPRO;;;;YUV;4:1:1
SL50;DV;SoftLab DVCPro5;SoftLab-NSK ;;;;YUV;4:1:1
SLDV;DV;SoftLab;SoftLab-NSK Forward DV Draw;;;;YUV;4:1:1
SLIF;MPEG Video;SoftLab;SoftLab-NSK MPEG-2 I-frames;;;;YUV;4:2:0
SLMJ;JPEG;SoftLab;SoftLab-NSK Forward JPEG;;;;YUV
smc ;SMC;;Apple Graphics (SMC);http://www.apple.com/quicktime/download/standalone.html;;;;
SMSC;Radius;;;;;;;
SMSD;Radius;;;;;;;
SMSV;Wavelet Video;;WorldConnect Wavelet Streaming Video;;;;;
SNOW;Snow;;;http://ffdshow-tryout.sourceforge.net/;;;;
SP40;YUV;SunPlus;SunPlus YUV;;;;YUV;
SP44;MegaCam;;SunPlus Aiptek MegaCam;;;;;
SP53;MegaCam;;SunPlus Aiptek MegaCam;;;;;
SP54;MegaCam;;SunPlus Aiptek MegaCam;;;;;
SP55;MegaCam;;SunPlus Aiptek MegaCam;;;;;
SP56;MegaCam;;SunPlus Aiptek MegaCam;;;;;
SP57;MegaCam;;SunPlus Aiptek MegaCam;;;;;
SP58;MegaCam;;SunPlus Aiptek MegaCam;;;;;
SP61;MegaCam;;SunPlus Aiptek MegaCam;;;;;
SPIG;Spigot;;Radius Spigot;;;;;
SPLC;ACM audio;;Splash Studios ACM Audio;;;;;
SPRK;Spark;;;;;;;
SQZ2;VXTreme 2;;Microsoft VXTreme Video V2;;;;;
STVA;ST Imager;;ST Microelectronics CMOS Imager Data (Bayer);;;;;
STVB;ST Imager;;ST Microelectronics CMOS Imager Data (Nudged Bayer);;;;;
STVC;ST Imager;;ST Microelectronics CMOS Imager Data (Bunched);;;;;
STVX;ST Imager;;ST Microelectronics CMOS Imager Data (Extended Data Format);;;;;
STVY;ST Imager;;ST Microelectronics CMOS Imager Data (Extended Data Format with Correction Data);;;;;
SV10;Sorenson;;Sorenson Media Video R1;;;;;
SVQ1;AVC;Sorenson 1;Sorenson Media Video 1 (Apple QuickTime 3);;;;;
SVQ2;AVC;Sorenson 2;Sorenson Media Video 2 (Apple QuickTime 4);;;;;
SVQ3;AVC;Sorenson 3;Sorenson Media Video 3 (Apple QuickTime 5);;;;;
SWC1;JPEG;MainConcept;MainConcept JPEG;;;;YUV
T420;YUV;Toshiba;Toshiba YUV 4:2:0;;;;YUV;
TGA ;TGA;Apple;Apple TGA (with Alpha-channel)
THEO;Theora;;FFVFW Supported
TIFF;Apple TIFF;;Apple TIFF (with Alpha-channel)
TIM2;Pinnacle DVI;;Pinnacle RAL DVI
TLMS;TeraLogic;;TeraLogic Motion Intraframe
TLST;TeraLogic;;TeraLogic Motion Intraframe
TM10;Duck;;Duck TrueMotion
TM20;Duck 2;;Duck TrueMotion 2.0
TM2A;Duck Archiver 2;;Duck TrueMotion Archiver 2.0
TM2X;Duck 2;;Duck TrueMotion 2X
TMIC;TeraLogic;;TeraLogic Motion Intraframe
TMOT;Horizons TM S;;Horizons Technology TrueMotion Video
TR20;Duck TM RT2;;Duck TrueMotion RT 2.0
TRLE;Akula;;Akula Alpha Pro Custom AVI (LossLess)
TSCC;TechSmith;;TechSmith Screen Capture
tscc;TechSmith;;TechSmith Screen Capture
TV10;Tecomac;;Tecomac Low-Bit Rate;;;;;
TVJP;Pinnacle/Truevision;;TrueVision Field Encoded JPEG (Targa emulation);;;;;
TVMJ;Pinnacle/Truevision;;Truevision TARGA JPEG Hardware (or Targa emulation);;;;;
TY0N;Trident;;Trident Decompression Driver;;;;;
TY2C;Trident;;Trident Decompression Driver;;;;;
TY2N;Trident;;Trident Decompression Driver;;;;;
U<Y ;YUV;Discreet;Discreet UC YUV 4:2:2:4 10 bit;;;;YUV;
U<YA;YUV;Discreet;Discreet UC YUV 4:2:2:4 10 bit (with Alpha-channel);;;;YUV;
U263;H.263;UB;UB Video H.263/H.263+/H.263++ Decoder;http://eMajix.com;;;;
UCOD;ClearVideo;;ClearVideo (fractal compression-based);;;;;
ULH0;YUV;Ut Video;Ut Video Lossless Codec;http://umezawa.dyndns.info/archive/utvideo;;;YUV;4:2:0
ULH2;YUV;Ut Video;Ut Video Lossless Codec;http://umezawa.dyndns.info/archive/utvideo;;;YUV;4:2:2
ULRA;RGBA;Ut Video;Ut Video Lossless Codec;http://umezawa.dyndns.info/archive/utvideo;;;RGBA;4:4:4:4
ULRG;RGB;Ut Video;Ut Video Lossless Codec;http://umezawa.dyndns.info/archive/utvideo;;;RGB;4:4:4
ULTI;Ultimotion;;IBM Ultimotion;;;;;
ULY0;YUV;Ut Video;Ut Video Lossless Codec;http://umezawa.dyndns.info/archive/utvideo;;;YUV;4:2:0
ULY2;YUV;Ut Video;Ut Video Lossless Codec;http://umezawa.dyndns.info/archive/utvideo;;;YUV;4:2:2
UMP4;MPEG-4 Visual;UB;UB Video MPEG 4;http://www.fourcc.org/indexyuv.htm;;;YUV;4:2:0
UYNV;YUV;;Nvidia 16bpp. A direct copy of UYVY registered by Nvidia to work around problems in some olds which did not like hardware which offered more than 2 UYVY surfaces.;http://www.fourcc.org/indexyuv.htm;;;YUV;
UYVP;YUV;;Evans & Sutherland 24bpp. YUV 4:2:2 extended precision 10-bits per component in U0Y0V0Y1 order;;;;YUV;
UYVU;YUV;SoftLab;SoftLab-NSK Forward YUV;http://www.fourcc.org/indexyuv.htm;;;YUV;
UYVY;YUV;;Uncompressed 16bpp. YUV 4:2:2 (Y sample at every pixel, U and V sampled at every second pixel horizontally on each line). A macropixel contains 2 pixels in 1 u_int32.;;;;YUV;4:2:2
V210;YUV;;Optibase VideoPump 10-bit 4:2:2 Component YUV;;;;;
v210;YUV;AJA Video Systems Xena;;;;;YUV;4:2:2
V261;VX3000S;;Lucent VX3000S;;;;;
V422;YUV;Vitec;;;;;YUV;4:2:2
V655;YUV;Vitec;Vitec Multimedia 16 bit YUV 4:2:2 (6:5:5) format;;;;YUV;
VBLE;MarcFD VBLE;;MarcFD VBLE Lossless;;;;;
VCR1;ATI Video 1;;ATI VCR 1.0;;;;;
VCR2;ATI Video 2;;ATI VCR 2.0 (MPEG YV12);;;;;
VCR3;ATI Video 3;;ATI VCR 3.0;;;;;
VCR4;ATI Video 4;;ATI VCR 4.0;;;;;
VCR5;ATI Video 5;;ATI VCR 5.0;;;;;
VCR6;ATI Video 6;;ATI VCR 6.0;;;;;
VCR7;ATI Video 7;;ATI VCR 7.0;;;;;
VCR8;ATI Video 8;;ATI VCR 8.0;;;;;
VCR9;ATI Video 9;;ATI VCR 9.0;;;;;
VCWV;Wavelet;;VideoCon;;;;;
VDCT;RGB;VideoMaker;Video Maker Pro DIB;;;;RGB;
VDOM;VDOWave;;VDONet Wave;;;;;
VDOW;VDOLive;;VDONet Live (H,263);;;;;
VDST;VirtualDub;;VirtualDub remote frameclient ICM driver;;;;;
VDTZ;YUV;;VideoTizer / Darim Vision YUV;;;;YUV;4:2:2
VGPX;VGP;;Alaris VideoGramPixel;;;;;
VIDM;MPEG-4 Visual;DivX 5 Pro;DivX 5.0 Pro Supported;;;;YUV;4:2:0
VIDS;Vitec;;Vitec Multimedia YUV 4:2:2;www.yks.ne.jp/~hori/;;;;
VIFP;VFAPI;;Virtual Frame API (VFAPI dummy format);;;;;
VIV1;H.263;Vivo;;;;;;
VIV2;H.263;Vivo;;;;;;
VIVO;H.263;Vivo;;;;;;
VIXL;JPEG;Miro XL;Miro Video XL;http://mirror01.iptelecom.net.ua/~video/codecs/miroVIDEO-XL.codec.v2.2.exe;;;YUV
VJPG;JPEG;;;;;;YUV
VLV1;Videologic;;;;;;;
VMNC;Vmware;;;http://www.vmware.com/;;;;
VP30;VP3;On2;;;;;;
VP31;VP3;On2;;;;;;
VP32;VP3;On2;;;;;;
VP40;VP4;On2;;;;;;
VP50;VP5;On2;;;;;;
VP60;VP6;On2;;http://ftp.pub.cri74.org/pub/win9x/video/codecs/VP6/vp6_vfw_codec.exe;Simple;;;
VP61;VP6;On2;;http://ftp.pub.cri74.org/pub/win9x/video/codecs/VP6/vp6_vfw_codec.exe;Advanced;;;
VP62;VP6;On2;;http://ftp.pub.cri74.org/pub/win9x/video/codecs/VP6/vp6_vfw_codec.exe;Heightened Sharpness;;;
VP6A;VP6;On2;;http://ftp.pub.cri74.org/pub/win9x/video/codecs/VP6/vp6_vfw_codec.exe;Alpha;;;
VP6F;VP6;On2;;http://ftp.pub.cri74.org/pub/win9x/video/codecs/VP6/vp6_vfw_codec.exe;Heightened Sharpness;;;
VP70;VP7;On2;;;General;;;
VP71;VP7;On2;;;Error Resilient;;;
VP72;VP7;On2;;;;;;
VP80;VP8;;;http://www.webmproject.org;;;YUV;4:2:0
VQC1;Vector 1;;Vector-quantised 1 (high compression) http://eprints.ecs.soton.ac.uk/archive/00001310/01/VTC97-js.pdf;;;;;
VQC2;Vector 2;;Vector-quantised 2 (high robustness against channel errors) http://eprints.ecs.soton.ac.uk/archive/00001310/01/VTC97-js.pdf;;;;;
VQJP;VQ630;;Dual-mode digital camera;;;;;
VQS4;VQ110;;DV camera;;;;;
VR21;YUV;BlckMagic;BlackMagic YUV (Quick Time);;;;YUV;
VSSH;AVC;Vanguard VSS;;;;;YUV;4:2:0
VSSV;Vanguard Video;Vanguard VSS;;;;;;
VSSW;AVC;Vanguard VSS;;;;;YUV;4:2:0
VTLP;GGP;;Alaris VideoGramPixel;;;;;
VX1K;DVX 1 S;;Lucent VX1000S Video;;;;;
VX2K;DVX 2 S;;Lucent VX2000S Video;;;;;
VXSP;DVX 1 SP;;Lucent VX1000SP Video;;;;;
VYU9;YUV;ATI;;;;;YUV;
VYUY;YUV;ATI;;;;;YUV;
WBVC;W9960;;Winbond Electronics W9960;;;;;
WHAM;Microsoft Video 1;;;;;;;
WINX;Winnov;;;;;;;
WJPG;JPEG;Winbond ;Winbond JPEG (AverMedia USB devices);;;;YUV
WMV1;WMV1;;Windows Media Video 7;http://www.microsoft.com/windows/windowsmedia/format/codecdownload.aspx;;;;
WMV2;WMV2;;Windows Media Video 8;http://www.microsoft.com/windows/windowsmedia/format/codecdownload.aspx;;;;
WMV3;VC-1;WMV3;Windows Media Video 9;http://www.microsoft.com/windows/windowsmedia/format/codecdownload.aspx;;;;
WMVA;VC-1;WMV;Windows Media Video;http://ffdshow-tryout.sourceforge.net/;;;;
WMVP;WMV3;;Windows Media Video V9;;;;;
WNIX;WniWni;;WniWni;;;;;
WNV1;WinNov;;WinNov Videum Hardware Compression;http://www.winnov.com/;;;;
WNVA;WinNov;;WinNov Videum Hardware Compression;http://www.winnov.com/;;;;
WRLE;RGB;Apple;Apple QuickTime BMP;;;;RGB;
WRPR;AVideoTools;;VideoTools VideoServer Client (wrapper for AviSynth);;;;;
WV1F;;;;http://ffdshow-tryout.sourceforge.net/;;;;
WVC1;VC-1;Microsoft;;;;;;
WVLT;IllusionHope Wavelet 9/7;;IllusionHope Wavelet 9/7;;;;;
WVP2;;;;http://ffdshow-tryout.sourceforge.net/;;;;
WZCD;iScan;;CORE Co. Ltd.;;;;;
WZDC;iSnap;;CORE Co. Ltd.;;;;;
X263;H.263;Xirlink;;;;;;
X264;AVC;;XiWave GNU GPL x264 MPEG-4;;;;;
XJPG;JPEG;Xirlink;;;;;YUV
XLV0;NetXL Video;;NetXL Inc. XL Video Decoder;;;;;
XMPG;MPEG Video;Xing;XING MPEG (I frame only);;;;YUV;4:2:0
XVID;MPEG-4 Visual;XviD;;http://mediaarea.net/XVID;;;YUV;4:2:0
XVIX;MPEG-4 Visual;XviD;Based on XviD MPEG-4;http://www.xvid.org/Downloads.15.0.html;;;YUV;4:2:0
XWV0;XiWave Video;;;;;;;
XWV1;XiWave Video;;;;;;;
XWV2;XiWave Video;;;;;;;
XWV3;XiWave Video;;;;;;;
XWV4;XiWave Video;;;;;;;
XWV5;XiWave Video;;;;;;;
XWV6;XiWave Video;;;;;;;
XWV7;XiWave Video;;;;;;;
XWV8;XiWave Video;;;;;;;
XWV9;XiWave Video;;;;;;;
XXAN;Origin VideoGame;;Used in Wing Commander 3 and 4;;;;;
XYZP;YUV;;Extended PAL format XYZ palette;;;;YUV;
Y211;YUV;;Packed YUV format with Y sampled at every second pixel across each line and U and V sampled at every fourth pixel;;;;YUV;
Y216;YUV;Targa;Pinnacle TARGA CineWave YUV (Quick Time);;;;YUV;
Y411;YUV;;YUV 4:1:1 Packed;;;;YUV;4:1:1
Y41B;YUV;;YUV 4:1:1 Planar;;;;YUV;4:1:1
Y41P;YUV;;Conexant (ex Brooktree) YUV 4:1:1 Raw;http://www.fourcc.org/indexyuv.htm;;;YUV;4:1:1
Y41T;YUV;;Format as for Y41P, but the lsb of each Y component is used to signal pixel transparency;;;;YUVA;4:1:1
Y422;YUV;;Direct copy of UYVY as used by ADS Technologies Pyro WebCam firewire camera;;;;YUV;4:2:2
Y42B;YUV;;YUV 4:2:2 Planar;;;;YUV;4:2:2
Y42T;YUV;;Format as for UYVY, but the lsb of each Y component is used to signal pixel transparency;;;;YUVA;4:2:2
Y444;YUV;;IYU2 (iRez Stealth Fire camera);;;;YUV;
Y8  ;GrayScale;;Simple grayscale video;;;;Y;
Y800;GrayScale;;Simple grayscale video;;;;Y;
YC12;YUV;;Intel YUV12;http://www.fourcc.org/indexyuv.htm;;;YUV;
YCCK;YUV;;;;;;YUV;
YMPG;MPEG-PS;;YMPEG Alpha (dummy for MPEG-2 compressor);;;;;
YU12;YUV;;ATI YV12 4:2:0 Planar;;;;YUV;4:2:0
YU92;YUV;;Intel - YUV;;;;YUV;
YUNV;YUV;;A direct copy of YUY2 registered by Nvidia to work around problems in some olds which did not like hardware that offered more than 2 YUY2 surfaces;;;;YUV;
YUV2;YUV;;Apple Component Video (YUV 4:2:2);http://www.apple.com/quicktime/download/standalone.html;;;YUV;;
YUV8;YUV;;Winnov Caviar YUV8 ;http://www.fourcc.org/indexyuv.htm;;;YUV;;
YUV9;YUV;;Intel YUV9;;;;YUV;;
YUVP;YUV;;YUV 4:2:2 extended precision 10-bits per component in Y0U0Y1V0 order;;;;YUV;4:2:2;10
YUY2;YUV;;YUV 4:2:2 as for UYVY but with different component ordering within the u_int32 macropixel;http://www.fourcc.org/indexyuv.htm;;;YUV;4:2:2;
YUYP;YUV;;Evans & Sutherland;;;;YUV;;
YUYV;YUV;;Canopus YUV format;http://www.fourcc.org/indexyuv.htm;;;YUV;;
YV12;YUV;;ATI YVU12 4:2:0 Planar;http://www.fourcc.org/indexyuv.htm;;;YUV;4:2:0;
YV16;YUV;;Elecard YUV 4:2:2 Planar;;;;YUV;4:2:2;
YV92;YUV;;Intel Smart Video Recorder YVU9;;;;YUV;;
YVU9;YUV;;Brooktree YVU9 Raw (YVU9 Planar);http://www.fourcc.org/indexyuv.htm;;;YUV;;
YVYU;YUV;;YUV 4:2:2 as for UYVY but with different component ordering within the u_int32 macropixel;;;;YUV;4:2:2;
ZLIB;AVIzlib;;Lossless (ZIP compression);;;;;;
ZMBV;Zip;;Zip Motion Blocks Video;;;;;;
ZPEG;Video Zipper;;Metheus Video Zipper;;;;;;
ZYGO;ZyGo;;ZyGo Video;;;;;;
